id,original_prompt,positive_prompt,negative_prompt,url,model_gen0,model_gen1,model_gen2,model_gen3,width_gen0,width_gen1,width_gen2,width_gen3,height_gen0,height_gen1,height_gen2,height_gen3,num_inference_steps_gen0,num_inference_steps_gen1,num_inference_steps_gen2,num_inference_steps_gen3,filepath_gen0,filepath_gen1,filepath_gen2,filepath_gen3,image_gen0,image_gen1,image_gen2,image_gen3
2848878015413,"munthirivallikal thalirkkumbol latest news, munthirivallikal thalirkkumbol final collection report, latest malayalam news, mohanlal latest news, munthirivallikal thalirkkumbol total collection","An image of munthirivallikal thalirkkumbol latest news, munthirivallikal thalirkkumbol final collection report, latest malayalam news, mohanlal latest news, munthirivallikal thalirkkumbol total collection",,http://onlookersmedia.in/wp-content/uploads/2017/04/munthirivallikal-thalirkkumbol-final-collection-report-450x270.jpg,DeepFloyd/IF-II-L-v1.0,CompVis/stable-diffusion-v1-4,stabilityai/stable-diffusion-2-1-base,stabilityai/stable-diffusion-xl-base-1.0,256,512,640,640,256,512,360,480,50,50,50,50,part-021890/2848878015413.jpg,part-002767/2848878015413.jpg,part-008760/2848878015413.jpg,part-005576/2848878015413.jpg,<PIL.PngImagePlugin.PngImageFile image mode=RGB size=256x256 at 0x7B8A4CF576D0>,<PIL.PngImagePlugin.PngImageFile image mode=RGB size=512x512 at 0x7B8A4CF9F410>,<PIL.PngImagePlugin.PngImageFile image mode=RGB size=640x360 at 0x7B8A4CF9D510>,<PIL.PngImagePlugin.PngImageFile image mode=RGB size=640x480 at 0x7B8A4CF9E2D0>
2848878018329,Beau 15 Great Home Office Ideas  Like The Style Of This Room. I Already Have,"A Portrait photo of Beau 15 Great Home Office Ideas  Like The Style Of This Room. I Already Have,  Closeup, volumetric light, Outdoor,  24mm lens",,https://i.pinimg.com/originals/5d/f1/ea/5df1eac24106059bdc9246a9fb1b7e8f.jpg,DeepFloyd/IF-II-L-v1.0,CompVis/stable-diffusion-v1-4,stabilityai/stable-diffusion-2-1-base,stabilityai/stable-diffusion-xl-base-1.0,256,512,640,640,256,512,360,480,50,50,50,50,part-021890/2848878018329.jpg,part-002767/2848878018329.jpg,part-008760/2848878018329.jpg,part-005576/2848878018329.jpg,<PIL.PngImagePlugin.PngImageFile image mode=RGB size=256x256 at 0x7B8A4CF9F190>,<PIL.PngImagePlugin.PngImageFile image mode=RGB size=512x512 at 0x7B8A4CF9EED0>,<PIL.PngImagePlugin.PngImageFile image mode=RGB size=640x360 at 0x7B8A4CF9D450>,<PIL.PngImagePlugin.PngImageFile image mode=RGB size=640x480 at 0x7B8A4CF9CA10>
2848878019387,Gloriana  Kissed You Good Night  Tiffany Alvord and Chester See Official Cover Music Video,An image of Gloriana  Kissed You Good Night  Tiffany Alvord and Chester See Official Cover Music Video,"fuzzy, out of frame, colorless, disfigured, bad proportions",https://i.ytimg.com/vi/H5d4HUx3who/hqdefault.jpg,DeepFloyd/IF-II-L-v1.0,CompVis/stable-diffusion-v1-4,stabilityai/stable-diffusion-2-1-base,stabilityai/stable-diffusion-xl-base-1.0,256,512,640,512,256,512,360,512,60,50,50,50,part-021890/2848878019387.jpg,part-002767/2848878019387.jpg,part-008760/2848878019387.jpg,part-005576/2848878019387.jpg,<PIL.PngImagePlugin.PngImageFile image mode=RGB size=256x256 at 0x7B8A4CF9CD50>,<PIL.PngImagePlugin.PngImageFile image mode=RGB size=512x512 at 0x7B8A4CF9C210>,<PIL.PngImagePlugin.PngImageFile image mode=RGB size=640x360 at 0x7B8A4CFD6750>,<PIL.PngImagePlugin.PngImageFile image mode=RGB size=512x512 at 0x7B8A4CFD6350>
2848900004101,15V 2A Switching Power Adapter 15V 2000mA Converter 2pcs,"A photorealistic photo of 15V 2A Switching Power Adapter 15V 2000mA Converter 2pcs,  Closeup, Ambient light, Wideangle lens","digital art, deformed, disfigured, unrealistic, bad proportions",http://agoeu.com/media/catalog/product/cache/1/small_image/170x/9df78eab33525d08d6e5fb8d27136e95/s/3/s3rv_lmp7p2vo_hdmzcuy5t.png,DeepFloyd/IF-II-L-v1.0,CompVis/stable-diffusion-v1-4,stabilityai/stable-diffusion-2-1-base,stabilityai/stable-diffusion-xl-base-1.0,256,512,640,512,256,512,360,512,60,50,50,50,part-021890/2848900004101.png,part-002767/2848900004101.png,part-008760/2848900004101.png,part-005576/2848900004101.png,<PIL.PngImagePlugin.PngImageFile image mode=RGB size=256x256 at 0x7B8A4CF9CC10>,<PIL.PngImagePlugin.PngImageFile image mode=RGB size=512x512 at 0x7B8A4CFD5F50>,<PIL.PngImagePlugin.PngImageFile image mode=RGB size=640x360 at 0x7B8A4CFD6590>,<PIL.PngImagePlugin.PngImageFile image mode=RGB size=512x512 at 0x7B8A4CFD7090>
2848900004513,"Emotions Freedom from Anger, Jealousy and Fear","An image of Emotions Freedom from Anger, Jealousy and Fear","retro, weird colors, deformed, cgi, out of focus",https://images-na.ssl-images-amazon.com/images/I/41NmCdnTw3L.jpg,DeepFloyd/IF-II-L-v1.0,CompVis/stable-diffusion-v1-4,stabilityai/stable-diffusion-2-1-base,stabilityai/stable-diffusion-xl-base-1.0,256,512,640,512,256,512,360,512,60,50,50,50,part-021890/2848900004513.jpg,part-002767/2848900004513.jpg,part-008760/2848900004513.jpg,part-005576/2848900004513.jpg,<PIL.PngImagePlugin.PngImageFile image mode=RGB size=256x256 at 0x7B8A4CFD6990>,<PIL.PngImagePlugin.PngImageFile image mode=RGB size=512x512 at 0x7B8A4CFD6210>,<PIL.PngImagePlugin.PngImageFile image mode=RGB size=640x360 at 0x7B8A4CFD5A50>,<PIL.PngImagePlugin.PngImageFile image mode=RGB size=512x512 at 0x7B8A4CFD50D0>
2848900009288,Fitness Beige Star Exclusive De Chaussures Adulte Potpurri Mixte Player White Ox Bio Converse CqSwXUC,"A high quality picture of Fitness Beige Star Exclusive De Chaussures Adulte Potpurri Mixte Player White Ox Bio Converse CqSwXUC, Cinematic light, Wideangle lens",,https://images-na.ssl-images-amazon.com/images/I/41iwI%2BF5g%2BL.jpg,DeepFloyd/IF-II-L-v1.0,CompVis/stable-diffusion-v1-4,stabilityai/stable-diffusion-2-1-base,stabilityai/stable-diffusion-xl-base-1.0,256,512,640,512,256,512,360,512,60,70,50,50,part-021890/2848900009288.jpg,part-002767/2848900009288.jpg,part-008760/2848900009288.jpg,part-005576/2848900009288.jpg,<PIL.PngImagePlugin.PngImageFile image mode=RGB size=256x256 at 0x7B8A4CFD6490>,<PIL.PngImagePlugin.PngImageFile image mode=RGB size=512x512 at 0x7B8A4CFD5ED0>,<PIL.PngImagePlugin.PngImageFile image mode=RGB size=640x360 at 0x7B8A4CFD57D0>,<PIL.PngImagePlugin.PngImageFile image mode=RGB size=512x512 at 0x7B8A4CFD52D0>
2848900011833,Boxwood hedge,"A 4k detail post processing picture of Boxwood hedge,  Long shot, Soft light, Studio,  Wideangle lens",,https://www.tulsalandscape.com/hs-fs/hub/15715/file-327402765-jpg/images/boxwood-resized-326.jpg?width=297&amp;height=297&amp;name=boxwood-resized-326.jpg,DeepFloyd/IF-II-L-v1.0,CompVis/stable-diffusion-v1-4,stabilityai/stable-diffusion-2-1-base,stabilityai/stable-diffusion-xl-base-1.0,256,512,640,512,256,512,360,512,60,70,50,50,part-021890/2848900011833.jpg,part-002767/2848900011833.jpg,part-008760/2848900011833.jpg,part-005576/2848900011833.jpg,<PIL.PngImagePlugin.PngImageFile image mode=RGB size=256x256 at 0x7B8A4CFD44D0>,<PIL.PngImagePlugin.PngImageFile image mode=RGB size=512x512 at 0x7B8A4CFABD90>,<PIL.PngImagePlugin.PngImageFile image mode=RGB size=640x360 at 0x7B8A4CFAB810>,<PIL.PngImagePlugin.PngImageFile image mode=RGB size=512x512 at 0x7B8A4CFAAF50>
2848900012753,58.	Grave in Alexander Nevsky Monastery in the Communist Plot. 7 December 1982,"A Portrait picture of 58.	Grave in Alexander Nevsky Monastery in the Communist Plot. 7 December 1982,  Medium shot, Outdoor,  24mm lens",,http://russiancommunity.org.uk/wp-content/uploads/2016/08/Russian-58-2-400x400.jpg,DeepFloyd/IF-II-L-v1.0,CompVis/stable-diffusion-v1-4,stabilityai/stable-diffusion-2-1-base,stabilityai/stable-diffusion-xl-base-1.0,256,512,640,512,256,512,480,512,60,70,80,50,part-021890/2848900012753.jpg,part-002767/2848900012753.jpg,part-008760/2848900012753.jpg,part-005576/2848900012753.jpg,<PIL.PngImagePlugin.PngImageFile image mode=RGB size=256x256 at 0x7B8A4CFAA6D0>,<PIL.PngImagePlugin.PngImageFile image mode=RGB size=512x512 at 0x7B8A4CFAB6D0>,<PIL.PngImagePlugin.PngImageFile image mode=RGB size=640x480 at 0x7B8A4CFAB390>,<PIL.PngImagePlugin.PngImageFile image mode=RGB size=512x512 at 0x7B8A4CFAAC90>
2848900021023,"24 Hours of Le Mans, Le Mans, France, 1967. Dan Gurney and AJ Foyt Ford Mark IV in the esses.","A ultra  detailed picture of 24 Hours of Le Mans, Le Mans, France, 1967. Dan Gurney and AJ Foyt Ford Mark IV in the esses., Ring light, Outdoor,  Telephoto lens",,https://i1.wp.com/s3.amazonaws.com/scardigest/wp-content/uploads/20180116100253/Remembering-Dan-Gurney-5.jpg?w=818&,DeepFloyd/IF-II-L-v1.0,CompVis/stable-diffusion-v1-4,stabilityai/stable-diffusion-2-1-base,stabilityai/stable-diffusion-xl-base-1.0,256,512,640,512,256,512,480,512,60,70,80,50,part-021890/2848900021023.jpg,part-002767/2848900021023.jpg,part-008760/2848900021023.jpg,part-005576/2848900021023.jpg,<PIL.PngImagePlugin.PngImageFile image mode=RGB size=256x256 at 0x7B8A4CFAA250>,<PIL.PngImagePlugin.PngImageFile image mode=RGB size=512x512 at 0x7B8A4CFA99D0>,<PIL.PngImagePlugin.PngImageFile image mode=RGB size=640x480 at 0x7B8A4CFA8DD0>,<PIL.PngImagePlugin.PngImageFile image mode=RGB size=512x512 at 0x7B8A4CFA83D0>
2848900023249,2018 Canadian Track and Field Championships,"A realistic image of 2018 Canadian Track and Field Championships,  Closeup, Ambient light, At night,  24mm lens","cartoon, retro, cgi, computer graphic, grainy",https://ssl.c.photoshelter.com/img-get2/I0000oxB6KBn_StI/fit=234x234/fill=/I0000oxB6KBn_StI.jpg,DeepFloyd/IF-II-L-v1.0,CompVis/stable-diffusion-v1-4,stabilityai/stable-diffusion-2-1-base,stabilityai/stable-diffusion-xl-base-1.0,256,512,640,512,256,512,480,512,60,70,80,50,part-021890/2848900023249.jpg,part-002767/2848900023249.jpg,part-008760/2848900023249.jpg,part-005576/2848900023249.jpg,<PIL.PngImagePlugin.PngImageFile image mode=RGB size=256x256 at 0x7B8A4CFA9AD0>,<PIL.PngImagePlugin.PngImageFile image mode=RGB size=512x512 at 0x7B8A4CFA9350>,<PIL.PngImagePlugin.PngImageFile image mode=RGB size=640x480 at 0x7B8A4CFA8A50>,<PIL.PngImagePlugin.PngImageFile image mode=RGB size=512x512 at 0x7B8A4CFA8990>
